{"timestamp": 1721061956.1184597, "utilization": {"cpu_percent": 6.2, "memory_percent": 88.6, "bytes_sent": 479684431, "bytes_recv": 764978039}, "power": {"power_cpu": 3.1, "power_memory": 17.72, "power_nic": 124.46624700000001, "total_power": 145.286247}}
{"timestamp": 1721061962.13311, "utilization": {"cpu_percent": 7.9, "memory_percent": 88.6, "bytes_sent": 480666767, "bytes_recv": 766535559}, "power": {"power_cpu": 3.95, "power_memory": 17.72, "power_nic": 124.72023260000002, "total_power": 146.39023260000002}}
{"timestamp": 1721061968.1483672, "utilization": {"cpu_percent": 2.9, "memory_percent": 88.5, "bytes_sent": 482033480, "bytes_recv": 767688987}, "power": {"power_cpu": 1.45, "power_memory": 17.7, "power_nic": 124.97224670000001, "total_power": 144.1222467}}
{"timestamp": 1721061974.1629772, "utilization": {"cpu_percent": 3.5, "memory_percent": 87.8, "bytes_sent": 483512636, "bytes_recv": 769108271}, "power": {"power_cpu": 1.75, "power_memory": 17.56, "power_nic": 125.2620907, "total_power": 144.5720907}}
{"timestamp": 1721061980.1781714, "utilization": {"cpu_percent": 3.5, "memory_percent": 87.8, "bytes_sent": 485141772, "bytes_recv": 770639920}, "power": {"power_cpu": 1.75, "power_memory": 17.56, "power_nic": 125.5781692, "total_power": 144.8881692}}
{"timestamp": 1721061986.1935277, "utilization": {"cpu_percent": 3.7, "memory_percent": 87.6, "bytes_sent": 486883787, "bytes_recv": 772227829}, "power": {"power_cpu": 1.85, "power_memory": 17.52, "power_nic": 125.9111616, "total_power": 145.2811616}}
{"timestamp": 1721061992.207683, "utilization": {"cpu_percent": 2.9, "memory_percent": 87.6, "bytes_sent": 488062397, "bytes_recv": 773849908}, "power": {"power_cpu": 1.45, "power_memory": 17.52, "power_nic": 126.19123050000002, "total_power": 145.16123050000002}}
{"timestamp": 1721061998.233919, "utilization": {"cpu_percent": 3.7, "memory_percent": 87.5, "bytes_sent": 489386877, "bytes_recv": 775469412}, "power": {"power_cpu": 1.85, "power_memory": 17.5, "power_nic": 126.48562890000001, "total_power": 145.83562890000002}}
{"timestamp": 1721062004.2593238, "utilization": {"cpu_percent": 3.1, "memory_percent": 87.6, "bytes_sent": 490911182, "bytes_recv": 777123856}, "power": {"power_cpu": 1.55, "power_memory": 17.52, "power_nic": 126.8035038, "total_power": 145.8735038}}
{"timestamp": 1721062010.275101, "utilization": {"cpu_percent": 3.1, "memory_percent": 87.8, "bytes_sent": 492599535, "bytes_recv": 778744788}, "power": {"power_cpu": 1.55, "power_memory": 17.56, "power_nic": 127.13443230000001, "total_power": 146.24443230000003}}
{"timestamp": 1721062016.2908654, "utilization": {"cpu_percent": 3.7, "memory_percent": 87.5, "bytes_sent": 494303460, "bytes_recv": 780271177}, "power": {"power_cpu": 1.85, "power_memory": 17.5, "power_nic": 127.4574637, "total_power": 146.8074637}}
{"timestamp": 1721062022.3105555, "utilization": {"cpu_percent": 3.9, "memory_percent": 87.7, "bytes_sent": 496046796, "bytes_recv": 781919579}, "power": {"power_cpu": 1.95, "power_memory": 17.540000000000003, "power_nic": 127.7966375, "total_power": 147.2866375}}
{"timestamp": 1721062028.3286638, "utilization": {"cpu_percent": 2.7, "memory_percent": 87.6, "bytes_sent": 497749737, "bytes_recv": 783521883}, "power": {"power_cpu": 1.35, "power_memory": 17.52, "power_nic": 128.127162, "total_power": 146.997162}}
{"timestamp": 1721062034.3452659, "utilization": {"cpu_percent": 3.5, "memory_percent": 87.7, "bytes_sent": 499448524, "bytes_recv": 785161804}, "power": {"power_cpu": 1.75, "power_memory": 17.540000000000003, "power_nic": 128.4610328, "total_power": 147.7510328}}
{"timestamp": 1721062040.361653, "utilization": {"cpu_percent": 5.4, "memory_percent": 87.7, "bytes_sent": 501150136, "bytes_recv": 786750985}, "power": {"power_cpu": 2.7, "power_memory": 17.540000000000003, "power_nic": 128.79011210000002, "total_power": 149.03011210000003}}
{"timestamp": 1721062046.3758085, "utilization": {"cpu_percent": 5.3, "memory_percent": 87.8, "bytes_sent": 502811065, "bytes_recv": 788377694}, "power": {"power_cpu": 2.65, "power_memory": 17.56, "power_nic": 129.1188759, "total_power": 149.3288759}}
{"timestamp": 1721062052.392462, "utilization": {"cpu_percent": 2.7, "memory_percent": 88.0, "bytes_sent": 504501203, "bytes_recv": 790005202}, "power": {"power_cpu": 1.35, "power_memory": 17.6, "power_nic": 129.45064050000002, "total_power": 148.4006405}}
{"timestamp": 1721062058.4066296, "utilization": {"cpu_percent": 4.1, "memory_percent": 88.1, "bytes_sent": 506213325, "bytes_recv": 791625365}, "power": {"power_cpu": 2.05, "power_memory": 17.62, "power_nic": 129.783869, "total_power": 149.453869}}
{"timestamp": 1721062064.4229949, "utilization": {"cpu_percent": 3.9, "memory_percent": 88.1, "bytes_sent": 507929068, "bytes_recv": 793226321}, "power": {"power_cpu": 1.95, "power_memory": 17.62, "power_nic": 130.11553890000002, "total_power": 149.6855389}}
{"timestamp": 1721062070.4424038, "utilization": {"cpu_percent": 4.7, "memory_percent": 88.1, "bytes_sent": 509645602, "bytes_recv": 794862492}, "power": {"power_cpu": 2.35, "power_memory": 17.62, "power_nic": 130.4508094, "total_power": 150.4208094}}
{"timestamp": 1721062076.457938, "utilization": {"cpu_percent": 4.3, "memory_percent": 87.9, "bytes_sent": 511376081, "bytes_recv": 796456502}, "power": {"power_cpu": 2.15, "power_memory": 17.580000000000002, "power_nic": 130.78325830000003, "total_power": 150.51325830000002}}
{"timestamp": 1721062082.4716156, "utilization": {"cpu_percent": 4.1, "memory_percent": 88.1, "bytes_sent": 513072830, "bytes_recv": 798090159}, "power": {"power_cpu": 2.05, "power_memory": 17.62, "power_nic": 131.1162989, "total_power": 150.78629890000002}}
{"timestamp": 1721062088.4930935, "utilization": {"cpu_percent": 2.7, "memory_percent": 88.0, "bytes_sent": 514799065, "bytes_recv": 799689342}, "power": {"power_cpu": 1.35, "power_memory": 17.6, "power_nic": 131.4488407, "total_power": 150.3988407}}
{"timestamp": 1721062094.5107238, "utilization": {"cpu_percent": 4.7, "memory_percent": 88.1, "bytes_sent": 516575469, "bytes_recv": 801295779}, "power": {"power_cpu": 2.35, "power_memory": 17.62, "power_nic": 131.7871248, "total_power": 151.75712479999999}}
{"timestamp": 1721062100.5257838, "utilization": {"cpu_percent": 4.3, "memory_percent": 88.0, "bytes_sent": 518300639, "bytes_recv": 802925848}, "power": {"power_cpu": 2.15, "power_memory": 17.6, "power_nic": 132.12264869999998, "total_power": 151.87264869999998}}
{"timestamp": 1721062106.5433133, "utilization": {"cpu_percent": 4.3, "memory_percent": 87.8, "bytes_sent": 519986875, "bytes_recv": 804553886}, "power": {"power_cpu": 2.15, "power_memory": 17.56, "power_nic": 132.4540761, "total_power": 152.16407610000002}}
{"timestamp": 1721062112.5596426, "utilization": {"cpu_percent": 4.5, "memory_percent": 87.9, "bytes_sent": 521787081, "bytes_recv": 806127538}, "power": {"power_cpu": 2.25, "power_memory": 17.580000000000002, "power_nic": 132.7914619, "total_power": 152.6214619}}
{"timestamp": 1721062118.5836306, "utilization": {"cpu_percent": 3.9, "memory_percent": 87.9, "bytes_sent": 523530276, "bytes_recv": 807732615}, "power": {"power_cpu": 1.95, "power_memory": 17.580000000000002, "power_nic": 133.1262891, "total_power": 152.6562891}}
{"timestamp": 1721062124.5995495, "utilization": {"cpu_percent": 4.8, "memory_percent": 87.9, "bytes_sent": 525302130, "bytes_recv": 809321877}, "power": {"power_cpu": 2.4, "power_memory": 17.580000000000002, "power_nic": 133.4624007, "total_power": 153.44240069999998}}
{"timestamp": 1721062130.619151, "utilization": {"cpu_percent": 3.3, "memory_percent": 88.1, "bytes_sent": 527089217, "bytes_recv": 810920591}, "power": {"power_cpu": 1.65, "power_memory": 17.62, "power_nic": 133.80098080000002, "total_power": 153.07098080000003}}
{"timestamp": 1721062136.6342118, "utilization": {"cpu_percent": 3.1, "memory_percent": 87.8, "bytes_sent": 528802463, "bytes_recv": 812495736}, "power": {"power_cpu": 1.55,